Key,Ratio,Count
0,0.135550504860747,894719
F,0.0843466201418288,556741
6,0.0673356733112829,444458
7,0.0630760811994973,416342
E,0.0588608787764566,388519
1,0.0559063132136438,369017
3,0.055621492002584,367137
2,0.0550679086487476,363483
8,0.0548015705162778,361725
5,0.0542785902925659,358273
B,0.0541476937359938,357409
D,0.0538915061466841,355718
9,0.053214904269773,351252
4,0.0524330094451562,346091
C,0.0520360777574026,343471
A,0.049431175681359,326277
